Sample_series_id	Sample_geo_accession	Sample_platform_id	Sample_supplementary_file	Sample_title	Sample_source_name_ch1	Sample_characteristics_ch1	ExtendedClass	Class	Stage	Day
GSE51808	GSM1253056	GPL13158	ftp://ftp.ncbi.nlm.nih.gov/geo/samples/GSM1253nnn/GSM1253056/suppl/GSM1253056_1444BP0039_82010_G07.CEL.gz; ftp://ftp.ncbi.nlm.nih.gov/geo/samples/GSM1253nnn/GSM1253056/suppl/GSM1253056_1444BP0039_82010_G07.rma.chp.gz	Convalescent Patient 3	Whole Blood of Dengue infected patient at convalescent time point	subject id: 3; infection: DENV; status: convalescent; tissue: whole blood	Convalescent	Control	Convalescent	
GSE51808	GSM1253059	GPL13158	ftp://ftp.ncbi.nlm.nih.gov/geo/samples/GSM1253nnn/GSM1253059/suppl/GSM1253059_1444BP0043_82010_C09.CEL.gz; ftp://ftp.ncbi.nlm.nih.gov/geo/samples/GSM1253nnn/GSM1253059/suppl/GSM1253059_1444BP0043_82010_C09.rma.chp.gz	Convalescent Patient 33	Whole Blood of Dengue infected patient at convalescent time point	subject id: 33; infection: DENV; status: convalescent; tissue: whole blood	Convalescent	Control	Convalescent	
GSE51808	GSM1253060	GPL13158	ftp://ftp.ncbi.nlm.nih.gov/geo/samples/GSM1253nnn/GSM1253060/suppl/GSM1253060_1444BP0044_82010_D09.CEL.gz; ftp://ftp.ncbi.nlm.nih.gov/geo/samples/GSM1253nnn/GSM1253060/suppl/GSM1253060_1444BP0044_82010_D09.rma.chp.gz	Convalescent Patient 34	Whole Blood of Dengue infected patient at convalescent time point	subject id: 34; infection: DENV; status: convalescent; tissue: whole blood	Convalescent	Control	Convalescent	
GSE51808	GSM1253061	GPL13158	ftp://ftp.ncbi.nlm.nih.gov/geo/samples/GSM1253nnn/GSM1253061/suppl/GSM1253061_1444BP0045_82010_E09.CEL.gz; ftp://ftp.ncbi.nlm.nih.gov/geo/samples/GSM1253nnn/GSM1253061/suppl/GSM1253061_1444BP0045_82010_E09.rma.chp.gz	Convalescent Patient 35	Whole Blood of Dengue infected patient at convalescent time point	subject id: 35; infection: DENV; status: convalescent; tissue: whole blood	Convalescent	Control	Convalescent	
GSE51808	GSM1253062	GPL13158	ftp://ftp.ncbi.nlm.nih.gov/geo/samples/GSM1253nnn/GSM1253062/suppl/GSM1253062_1444BP0046_82010_F09.CEL.gz; ftp://ftp.ncbi.nlm.nih.gov/geo/samples/GSM1253nnn/GSM1253062/suppl/GSM1253062_1444BP0046_82010_F09.rma.chp.gz	Convalescent Patient 36	Whole Blood of Dengue infected patient at convalescent time point	subject id: 36; infection: DENV; status: convalescent; tissue: whole blood	Convalescent	Control	Convalescent	
GSE51808	GSM1253063	GPL13158	ftp://ftp.ncbi.nlm.nih.gov/geo/samples/GSM1253nnn/GSM1253063/suppl/GSM1253063_1444BP0047_82010_G09.CEL.gz; ftp://ftp.ncbi.nlm.nih.gov/geo/samples/GSM1253nnn/GSM1253063/suppl/GSM1253063_1444BP0047_82010_G09.rma.chp.gz	Convalescent Patient 37	Whole Blood of Dengue infected patient at convalescent time point	subject id: 37; infection: DENV; status: convalescent; tissue: whole blood	Convalescent	Control	Convalescent	
GSE51808	GSM1253064	GPL13158	ftp://ftp.ncbi.nlm.nih.gov/geo/samples/GSM1253nnn/GSM1253064/suppl/GSM1253064_1444BP0048_82010_H09.CEL.gz; ftp://ftp.ncbi.nlm.nih.gov/geo/samples/GSM1253nnn/GSM1253064/suppl/GSM1253064_1444BP0048_82010_H09.rma.chp.gz	Convalescent Patient 38	Whole Blood of Dengue infected patient at convalescent time point	subject id: 38; infection: DENV; status: convalescent; tissue: whole blood	Convalescent	Control	Convalescent	
GSE51808	GSM1253065	GPL13158	ftp://ftp.ncbi.nlm.nih.gov/geo/samples/GSM1253nnn/GSM1253065/suppl/GSM1253065_1444BP0049_82310_A05.CEL.gz; ftp://ftp.ncbi.nlm.nih.gov/geo/samples/GSM1253nnn/GSM1253065/suppl/GSM1253065_1444BP0049_82310_A05.rma.chp.gz	Convalescent Patient 39	Whole Blood of Dengue infected patient at convalescent time point	subject id: 39; infection: DENV; status: convalescent; tissue: whole blood	Convalescent	Control	Convalescent	
GSE51808	GSM1253057	GPL13158	ftp://ftp.ncbi.nlm.nih.gov/geo/samples/GSM1253nnn/GSM1253057/suppl/GSM1253057_1444BP0040_82010_H07.CEL.gz; ftp://ftp.ncbi.nlm.nih.gov/geo/samples/GSM1253nnn/GSM1253057/suppl/GSM1253057_1444BP0040_82010_H07.rma.chp.gz	Convalescent Patient 4	Whole Blood of Dengue infected patient at convalescent time point	subject id: 4; infection: DENV; status: convalescent; tissue: whole blood	Convalescent	Control	Convalescent	
GSE51808	GSM1253066	GPL13158	ftp://ftp.ncbi.nlm.nih.gov/geo/samples/GSM1253nnn/GSM1253066/suppl/GSM1253066_1444BP0050_82310_B05.CEL.gz; ftp://ftp.ncbi.nlm.nih.gov/geo/samples/GSM1253nnn/GSM1253066/suppl/GSM1253066_1444BP0050_82310_B05.rma.chp.gz	Convalescent Patient 41	Whole Blood of Dengue infected patient at convalescent time point	subject id: 41; infection: DENV; status: convalescent; tissue: whole blood	Convalescent	Control	Convalescent	
GSE51808	GSM1253067	GPL13158	ftp://ftp.ncbi.nlm.nih.gov/geo/samples/GSM1253nnn/GSM1253067/suppl/GSM1253067_1444BP0051_82310_C05.CEL.gz; ftp://ftp.ncbi.nlm.nih.gov/geo/samples/GSM1253nnn/GSM1253067/suppl/GSM1253067_1444BP0051_82310_C05.rma.chp.gz	Convalescent Patient 44	Whole Blood of Dengue infected patient at convalescent time point	subject id: 44; infection: DENV; status: convalescent; tissue: whole blood	Convalescent	Control	Convalescent	
GSE51808	GSM1253068	GPL13158	ftp://ftp.ncbi.nlm.nih.gov/geo/samples/GSM1253nnn/GSM1253068/suppl/GSM1253068_1444BP0052_82310_D05.CEL.gz; ftp://ftp.ncbi.nlm.nih.gov/geo/samples/GSM1253nnn/GSM1253068/suppl/GSM1253068_1444BP0052_82310_D05.rma.chp.gz	Convalescent Patient 45	Whole Blood of Dengue infected patient at convalescent time point	subject id: 45; infection: DENV; status: convalescent; tissue: whole blood	Convalescent	Control	Convalescent	
GSE51808	GSM1253069	GPL13158	ftp://ftp.ncbi.nlm.nih.gov/geo/samples/GSM1253nnn/GSM1253069/suppl/GSM1253069_1444BP0054_82310_F05.CEL.gz; ftp://ftp.ncbi.nlm.nih.gov/geo/samples/GSM1253nnn/GSM1253069/suppl/GSM1253069_1444BP0054_82310_F05.rma.chp.gz	Convalescent Patient 47	Whole Blood of Dengue infected patient at convalescent time point	subject id: 47; infection: DENV; status: convalescent; tissue: whole blood	Convalescent	Control	Convalescent	
GSE51808	GSM1253070	GPL13158	ftp://ftp.ncbi.nlm.nih.gov/geo/samples/GSM1253nnn/GSM1253070/suppl/GSM1253070_1444BP0055_82310_G05.CEL.gz; ftp://ftp.ncbi.nlm.nih.gov/geo/samples/GSM1253nnn/GSM1253070/suppl/GSM1253070_1444BP0055_82310_G05.rma.chp.gz	Convalescent Patient 48	Whole Blood of Dengue infected patient at convalescent time point	subject id: 48; infection: DENV; status: convalescent; tissue: whole blood	Convalescent	Control	Convalescent	
GSE51808	GSM1253071	GPL13158	ftp://ftp.ncbi.nlm.nih.gov/geo/samples/GSM1253nnn/GSM1253071/suppl/GSM1253071_1444BP0056_82310_H05.CEL.gz; ftp://ftp.ncbi.nlm.nih.gov/geo/samples/GSM1253nnn/GSM1253071/suppl/GSM1253071_1444BP0056_82310_H05.rma.chp.gz	Convalescent Patient 49	Whole Blood of Dengue infected patient at convalescent time point	subject id: 49; infection: DENV; status: convalescent; tissue: whole blood	Convalescent	Control	Convalescent	
GSE51808	GSM1253072	GPL13158	ftp://ftp.ncbi.nlm.nih.gov/geo/samples/GSM1253nnn/GSM1253072/suppl/GSM1253072_1444BP0058_82310_B07.CEL.gz; ftp://ftp.ncbi.nlm.nih.gov/geo/samples/GSM1253nnn/GSM1253072/suppl/GSM1253072_1444BP0058_82310_B07.rma.chp.gz	Convalescent Patient 54	Whole Blood of Dengue infected patient at convalescent time point	subject id: 54; infection: DENV; status: convalescent; tissue: whole blood	Convalescent	Control	Convalescent	
GSE51808	GSM1253073	GPL13158	ftp://ftp.ncbi.nlm.nih.gov/geo/samples/GSM1253nnn/GSM1253073/suppl/GSM1253073_1444BP0059_82310_C07.CEL.gz; ftp://ftp.ncbi.nlm.nih.gov/geo/samples/GSM1253nnn/GSM1253073/suppl/GSM1253073_1444BP0059_82310_C07.rma.chp.gz	Convalescent Patient 55	Whole Blood of Dengue infected patient at convalescent time point	subject id: 55; infection: DENV; status: convalescent; tissue: whole blood	Convalescent	Control	Convalescent	
GSE51808	GSM1253058	GPL13158	ftp://ftp.ncbi.nlm.nih.gov/geo/samples/GSM1253nnn/GSM1253058/suppl/GSM1253058_1444BP0041_82010_A09.CEL.gz; ftp://ftp.ncbi.nlm.nih.gov/geo/samples/GSM1253nnn/GSM1253058/suppl/GSM1253058_1444BP0041_82010_A09.rma.chp.gz	Convalescent Patient 6	Whole Blood of Dengue infected patient at convalescent time point	subject id: 6; infection: DENV; status: convalescent; tissue: whole blood	Convalescent	Control	Convalescent	
GSE51808	GSM1253074	GPL13158	ftp://ftp.ncbi.nlm.nih.gov/geo/samples/GSM1253nnn/GSM1253074/suppl/GSM1253074_1444BP0061_82310_E07.CEL.gz; ftp://ftp.ncbi.nlm.nih.gov/geo/samples/GSM1253nnn/GSM1253074/suppl/GSM1253074_1444BP0061_82310_E07.rma.chp.gz	Convalescent Patient 80	Whole Blood of Dengue infected patient at convalescent time point	subject id: 80; infection: DENV; status: convalescent; tissue: whole blood	Convalescent	Control	Convalescent	
GSE51808	GSM1253028	GPL13158	ftp://ftp.ncbi.nlm.nih.gov/geo/samples/GSM1253nnn/GSM1253028/suppl/GSM1253028_1444BP0001_81910_A05.CEL.gz; ftp://ftp.ncbi.nlm.nih.gov/geo/samples/GSM1253nnn/GSM1253028/suppl/GSM1253028_1444BP0001_81910_A05.rma.chp.gz	Dengue Fever Patient 3	Whole Blood of Dengue infected patient at acute infection time point	subject id: 3; infection: DENV; status: DF; tissue: whole blood	DF	Dengue	Late	4
GSE51808	GSM1253033	GPL13158	ftp://ftp.ncbi.nlm.nih.gov/geo/samples/GSM1253nnn/GSM1253033/suppl/GSM1253033_1444BP0008_81910_H05.CEL.gz; ftp://ftp.ncbi.nlm.nih.gov/geo/samples/GSM1253nnn/GSM1253033/suppl/GSM1253033_1444BP0008_81910_H05.rma.chp.gz	Dengue Fever Patient 33	Whole Blood of Dengue infected patient at acute infection time point	subject id: 33; infection: DENV; status: DF; tissue: whole blood	DF	Dengue	Early	2
GSE51808	GSM1253035	GPL13158	ftp://ftp.ncbi.nlm.nih.gov/geo/samples/GSM1253nnn/GSM1253035/suppl/GSM1253035_1444BP0010_81910_B07.CEL.gz; ftp://ftp.ncbi.nlm.nih.gov/geo/samples/GSM1253nnn/GSM1253035/suppl/GSM1253035_1444BP0010_81910_B07.rma.chp.gz	Dengue Fever Patient 35	Whole Blood of Dengue infected patient at acute infection time point	subject id: 35; infection: DENV; status: DF; tissue: whole blood	DF	Dengue	Late	6
GSE51808	GSM1253036	GPL13158	ftp://ftp.ncbi.nlm.nih.gov/geo/samples/GSM1253nnn/GSM1253036/suppl/GSM1253036_1444BP0011_81910_C07.CEL.gz; ftp://ftp.ncbi.nlm.nih.gov/geo/samples/GSM1253nnn/GSM1253036/suppl/GSM1253036_1444BP0011_81910_C07.rma.chp.gz	Dengue Fever Patient 36	Whole Blood of Dengue infected patient at acute infection time point	subject id: 36; infection: DENV; status: DF; tissue: whole blood	DF	Dengue	Late	5
GSE51808	GSM1253038	GPL13158	ftp://ftp.ncbi.nlm.nih.gov/geo/samples/GSM1253nnn/GSM1253038/suppl/GSM1253038_1444BP0013_81910_E07.CEL.gz; ftp://ftp.ncbi.nlm.nih.gov/geo/samples/GSM1253nnn/GSM1253038/suppl/GSM1253038_1444BP0013_81910_E07.rma.chp.gz	Dengue Fever Patient 37	Whole Blood of Dengue infected patient at acute infection time point	subject id: 37; infection: DENV; status: DF; tissue: whole blood	DF	Dengue	Late	6
GSE51808	GSM1253029	GPL13158	ftp://ftp.ncbi.nlm.nih.gov/geo/samples/GSM1253nnn/GSM1253029/suppl/GSM1253029_1444BP0002_81910_B05.CEL.gz; ftp://ftp.ncbi.nlm.nih.gov/geo/samples/GSM1253nnn/GSM1253029/suppl/GSM1253029_1444BP0002_81910_B05.rma.chp.gz	Dengue Fever Patient 4	Whole Blood of Dengue infected patient at acute infection time point	subject id: 4; infection: DENV; status: DF; tissue: whole blood	DF	Dengue	Late	5
GSE51808	GSM1253042	GPL13158	ftp://ftp.ncbi.nlm.nih.gov/geo/samples/GSM1253nnn/GSM1253042/suppl/GSM1253042_1444BP0017_81910_A09.CEL.gz; ftp://ftp.ncbi.nlm.nih.gov/geo/samples/GSM1253nnn/GSM1253042/suppl/GSM1253042_1444BP0017_81910_A09.rma.chp.gz	Dengue Fever Patient 41	Whole Blood of Dengue infected patient at acute infection time point	subject id: 41; infection: DENV; status: DF; tissue: whole blood	DF	Dengue	Late	4
GSE51808	GSM1253043	GPL13158	ftp://ftp.ncbi.nlm.nih.gov/geo/samples/GSM1253nnn/GSM1253043/suppl/GSM1253043_1444BP0018_81910_B09.CEL.gz; ftp://ftp.ncbi.nlm.nih.gov/geo/samples/GSM1253nnn/GSM1253043/suppl/GSM1253043_1444BP0018_81910_B09.rma.chp.gz	Dengue Fever Patient 42	Whole Blood of Dengue infected patient at acute infection time point	subject id: 42; infection: DENV; status: DF; tissue: whole blood	DF	Dengue	Late	5
GSE51808	GSM1253044	GPL13158	ftp://ftp.ncbi.nlm.nih.gov/geo/samples/GSM1253nnn/GSM1253044/suppl/GSM1253044_1444BP0019_81910_C09.CEL.gz; ftp://ftp.ncbi.nlm.nih.gov/geo/samples/GSM1253nnn/GSM1253044/suppl/GSM1253044_1444BP0019_81910_C09.rma.chp.gz	Dengue Fever Patient 43	Whole Blood of Dengue infected patient at acute infection time point	subject id: 43; infection: DENV; status: DF; tissue: whole blood	DF	Dengue	Late	6
GSE51808	GSM1253045	GPL13158	ftp://ftp.ncbi.nlm.nih.gov/geo/samples/GSM1253nnn/GSM1253045/suppl/GSM1253045_1444BP0020_81910_D09.CEL.gz; ftp://ftp.ncbi.nlm.nih.gov/geo/samples/GSM1253nnn/GSM1253045/suppl/GSM1253045_1444BP0020_81910_D09.rma.chp.gz	Dengue Fever Patient 44	Whole Blood of Dengue infected patient at acute infection time point	subject id: 44; infection: DENV; status: DF; tissue: whole blood	DF	Dengue	Late	5
GSE51808	GSM1253047	GPL13158	ftp://ftp.ncbi.nlm.nih.gov/geo/samples/GSM1253nnn/GSM1253047/suppl/GSM1253047_1444BP0023_81910_G09.CEL.gz; ftp://ftp.ncbi.nlm.nih.gov/geo/samples/GSM1253nnn/GSM1253047/suppl/GSM1253047_1444BP0023_81910_G09.rma.chp.gz	Dengue Fever Patient 47	Whole Blood of Dengue infected patient at acute infection time point	subject id: 47; infection: DENV; status: DF; tissue: whole blood	DF	Dengue	Early	3
GSE51808	GSM1253050	GPL13158	ftp://ftp.ncbi.nlm.nih.gov/geo/samples/GSM1253nnn/GSM1253050/suppl/GSM1253050_1444BP0027_82010_C05.CEL.gz; ftp://ftp.ncbi.nlm.nih.gov/geo/samples/GSM1253nnn/GSM1253050/suppl/GSM1253050_1444BP0027_82010_C05.rma.chp.gz	Dengue Fever Patient 54	Whole Blood of Dengue infected patient at acute infection time point	subject id: 54; infection: DENV; status: DF; tissue: whole blood	DF	Dengue	Late	5
GSE51808	GSM1253051	GPL13158	ftp://ftp.ncbi.nlm.nih.gov/geo/samples/GSM1253nnn/GSM1253051/suppl/GSM1253051_1444BP0028_82010_D05.CEL.gz; ftp://ftp.ncbi.nlm.nih.gov/geo/samples/GSM1253nnn/GSM1253051/suppl/GSM1253051_1444BP0028_82010_D05.rma.chp.gz	Dengue Fever Patient 55	Whole Blood of Dengue infected patient at acute infection time point	subject id: 55; infection: DENV; status: DF; tissue: whole blood	DF	Dengue	Late	7
GSE51808	GSM1253030	GPL13158	ftp://ftp.ncbi.nlm.nih.gov/geo/samples/GSM1253nnn/GSM1253030/suppl/GSM1253030_1444BP0004_81910_D05.CEL.gz; ftp://ftp.ncbi.nlm.nih.gov/geo/samples/GSM1253nnn/GSM1253030/suppl/GSM1253030_1444BP0004_81910_D05.rma.chp.gz	Dengue Fever Patient 6	Whole Blood of Dengue infected patient at acute infection time point	subject id: 6; infection: DENV; status: DF; tissue: whole blood	DF	Dengue	Late	9
GSE51808	GSM1253053	GPL13158	ftp://ftp.ncbi.nlm.nih.gov/geo/samples/GSM1253nnn/GSM1253053/suppl/GSM1253053_1444BP0035_82010_C07.CEL.gz; ftp://ftp.ncbi.nlm.nih.gov/geo/samples/GSM1253nnn/GSM1253053/suppl/GSM1253053_1444BP0035_82010_C07.rma.chp.gz	Dengue Fever Patient 66	Whole Blood of Dengue infected patient at acute infection time point	subject id: 66; infection: DENV; status: DF; tissue: whole blood	DF	Dengue	Late	7
GSE51808	GSM1253054	GPL13158	ftp://ftp.ncbi.nlm.nih.gov/geo/samples/GSM1253nnn/GSM1253054/suppl/GSM1253054_1444BP0036_82010_D07.CEL.gz; ftp://ftp.ncbi.nlm.nih.gov/geo/samples/GSM1253nnn/GSM1253054/suppl/GSM1253054_1444BP0036_82010_D07.rma.chp.gz	Dengue Fever Patient 68	Whole Blood of Dengue infected patient at acute infection time point	subject id: 68; infection: DENV; status: DF; tissue: whole blood	DF	Dengue	Late	4
GSE51808	GSM1253031	GPL13158	ftp://ftp.ncbi.nlm.nih.gov/geo/samples/GSM1253nnn/GSM1253031/suppl/GSM1253031_1444BP0005_81910_E05.CEL.gz; ftp://ftp.ncbi.nlm.nih.gov/geo/samples/GSM1253nnn/GSM1253031/suppl/GSM1253031_1444BP0005_81910_E05.rma.chp.gz	Dengue Fever Patient 7	Whole Blood of Dengue infected patient at acute infection time point	subject id: 7; infection: DENV; status: DF; tissue: whole blood	DF	Dengue	Late	5
GSE51808	GSM1253055	GPL13158	ftp://ftp.ncbi.nlm.nih.gov/geo/samples/GSM1253nnn/GSM1253055/suppl/GSM1253055_1444BP0038_82010_F07.CEL.gz; ftp://ftp.ncbi.nlm.nih.gov/geo/samples/GSM1253nnn/GSM1253055/suppl/GSM1253055_1444BP0038_82010_F07.rma.chp.gz	Dengue Fever Patient 80	Whole Blood of Dengue infected patient at acute infection time point	subject id: 80; infection: DENV; status: DF; tissue: whole blood	DF	Dengue	Late	6
GSE51808	GSM1253032	GPL13158	ftp://ftp.ncbi.nlm.nih.gov/geo/samples/GSM1253nnn/GSM1253032/suppl/GSM1253032_1444BP0007_81910_G05.CEL.gz; ftp://ftp.ncbi.nlm.nih.gov/geo/samples/GSM1253nnn/GSM1253032/suppl/GSM1253032_1444BP0007_81910_G05.rma.chp.gz	Dengue Hemorrhagic Fever Patient 32	Whole Blood of Dengue infected patient at acute infection time point	subject id: 32; infection: DENV; status: DHF; tissue: whole blood	DHF	Dengue	Early	3
GSE51808	GSM1253034	GPL13158	ftp://ftp.ncbi.nlm.nih.gov/geo/samples/GSM1253nnn/GSM1253034/suppl/GSM1253034_1444BP0009_81910_A07.CEL.gz; ftp://ftp.ncbi.nlm.nih.gov/geo/samples/GSM1253nnn/GSM1253034/suppl/GSM1253034_1444BP0009_81910_A07.rma.chp.gz	Dengue Hemorrhagic Fever Patient 34	Whole Blood of Dengue infected patient at acute infection time point	subject id: 34; infection: DENV; status: DHF; tissue: whole blood	DHF	Dengue	Late	8
GSE51808	GSM1253039	GPL13158	ftp://ftp.ncbi.nlm.nih.gov/geo/samples/GSM1253nnn/GSM1253039/suppl/GSM1253039_1444BP0014_81910_F07.CEL.gz; ftp://ftp.ncbi.nlm.nih.gov/geo/samples/GSM1253nnn/GSM1253039/suppl/GSM1253039_1444BP0014_81910_F07.rma.chp.gz	Dengue Hemorrhagic Fever Patient 38	Whole Blood of Dengue infected patient at acute infection time point	subject id: 38; infection: DENV; status: DHF; tissue: whole blood	DHF	Dengue	Late	7
GSE51808	GSM1253040	GPL13158	ftp://ftp.ncbi.nlm.nih.gov/geo/samples/GSM1253nnn/GSM1253040/suppl/GSM1253040_1444BP0015_81910_G07.CEL.gz; ftp://ftp.ncbi.nlm.nih.gov/geo/samples/GSM1253nnn/GSM1253040/suppl/GSM1253040_1444BP0015_81910_G07.rma.chp.gz	Dengue Hemorrhagic Fever Patient 39	Whole Blood of Dengue infected patient at acute infection time point	subject id: 39; infection: DENV; status: DHF; tissue: whole blood	DHF	Dengue	Late	7
GSE51808	GSM1253041	GPL13158	ftp://ftp.ncbi.nlm.nih.gov/geo/samples/GSM1253nnn/GSM1253041/suppl/GSM1253041_1444BP0016_81910_H07.CEL.gz; ftp://ftp.ncbi.nlm.nih.gov/geo/samples/GSM1253nnn/GSM1253041/suppl/GSM1253041_1444BP0016_81910_H07.rma.chp.gz	Dengue Hemorrhagic Fever Patient 40	Whole Blood of Dengue infected patient at acute infection time point	subject id: 40; infection: DENV; status: DHF; tissue: whole blood	DHF	Dengue	Late	6
GSE51808	GSM1253046	GPL13158	ftp://ftp.ncbi.nlm.nih.gov/geo/samples/GSM1253nnn/GSM1253046/suppl/GSM1253046_1444BP0021_81910_E09.CEL.gz; ftp://ftp.ncbi.nlm.nih.gov/geo/samples/GSM1253nnn/GSM1253046/suppl/GSM1253046_1444BP0021_81910_E09.rma.chp.gz	Dengue Hemorrhagic Fever Patient 45	Whole Blood of Dengue infected patient at acute infection time point	subject id: 45; infection: DENV; status: DHF; tissue: whole blood	DHF	Dengue	Early	3
GSE51808	GSM1253048	GPL13158	ftp://ftp.ncbi.nlm.nih.gov/geo/samples/GSM1253nnn/GSM1253048/suppl/GSM1253048_1444BP0024_81910_H09.CEL.gz; ftp://ftp.ncbi.nlm.nih.gov/geo/samples/GSM1253nnn/GSM1253048/suppl/GSM1253048_1444BP0024_81910_H09.rma.chp.gz	Dengue Hemorrhagic Fever Patient 48	Whole Blood of Dengue infected patient at acute infection time point	subject id: 48; infection: DENV; status: DHF; tissue: whole blood	DHF	Dengue	Late	6
GSE51808	GSM1253049	GPL13158	ftp://ftp.ncbi.nlm.nih.gov/geo/samples/GSM1253nnn/GSM1253049/suppl/GSM1253049_1444BP0025_82010_A05.CEL.gz; ftp://ftp.ncbi.nlm.nih.gov/geo/samples/GSM1253nnn/GSM1253049/suppl/GSM1253049_1444BP0025_82010_A05.rma.chp.gz	Dengue Hemorrhagic Fever Patient 49	Whole Blood of Dengue infected patient at acute infection time point	subject id: 49; infection: DENV; status: DHF; tissue: whole blood	DHF	Dengue	Late	6
GSE51808	GSM1253052	GPL13158	ftp://ftp.ncbi.nlm.nih.gov/geo/samples/GSM1253nnn/GSM1253052/suppl/GSM1253052_1444BP0031_82010_G05.CEL.gz; ftp://ftp.ncbi.nlm.nih.gov/geo/samples/GSM1253nnn/GSM1253052/suppl/GSM1253052_1444BP0031_82010_G05.rma.chp.gz	Dengue Hemorrhagic Fever Patient 60	Whole Blood of Dengue infected patient at acute infection time point	subject id: 60; infection: DENV; status: DHF; tissue: whole blood	DHF	Dengue	Early	3
GSE51808	GSM1253037	GPL13158	ftp://ftp.ncbi.nlm.nih.gov/geo/samples/GSM1253nnn/GSM1253037/suppl/GSM1253037_1444BP0012_81910_D07.CEL.gz; ftp://ftp.ncbi.nlm.nih.gov/geo/samples/GSM1253nnn/GSM1253037/suppl/GSM1253037_1444BP0012_81910_D07.rma.chp.gz	Dengue Hemorrhagic Fever Patient 81	Whole Blood of Dengue infected patient at acute infection time point	subject id: 574328; infection: DENV; status: DHF; tissue: whole blood	DHF	Dengue	Late	6
GSE51808	GSM1253079	GPL13158	ftp://ftp.ncbi.nlm.nih.gov/geo/samples/GSM1253nnn/GSM1253079/suppl/GSM1253079_1444BP0066_82310_B09.CEL.gz; ftp://ftp.ncbi.nlm.nih.gov/geo/samples/GSM1253nnn/GSM1253079/suppl/GSM1253079_1444BP0066_82310_B09.rma.chp.gz	Healthy control c1	Whole Blood of healthy control	subject id: c1; infection: control; status: control; tissue: whole blood	Healthy	Control		
GSE51808	GSM1253083	GPL13158	ftp://ftp.ncbi.nlm.nih.gov/geo/samples/GSM1253nnn/GSM1253083/suppl/GSM1253083_1444BP0070_82310_F09.CEL.gz; ftp://ftp.ncbi.nlm.nih.gov/geo/samples/GSM1253nnn/GSM1253083/suppl/GSM1253083_1444BP0070_82310_F09.rma.chp.gz	Healthy control c2	Whole Blood of healthy control	subject id: c2; infection: control; status: control; tissue: whole blood	Healthy	Control		
GSE51808	GSM1253075	GPL13158	ftp://ftp.ncbi.nlm.nih.gov/geo/samples/GSM1253nnn/GSM1253075/suppl/GSM1253075_1444BP0062_82310_F07.CEL.gz; ftp://ftp.ncbi.nlm.nih.gov/geo/samples/GSM1253nnn/GSM1253075/suppl/GSM1253075_1444BP0062_82310_F07.rma.chp.gz	Healthy control c3	Whole Blood of healthy control	subject id: c3; infection: control; status: control; tissue: whole blood	Healthy	Control		
GSE51808	GSM1253077	GPL13158	ftp://ftp.ncbi.nlm.nih.gov/geo/samples/GSM1253nnn/GSM1253077/suppl/GSM1253077_1444BP0064_82310_H07.CEL.gz; ftp://ftp.ncbi.nlm.nih.gov/geo/samples/GSM1253nnn/GSM1253077/suppl/GSM1253077_1444BP0064_82310_H07.rma.chp.gz	Healthy control c4	Whole Blood of healthy control	subject id: c4; infection: control; status: control; tissue: whole blood	Healthy	Control		
GSE51808	GSM1253076	GPL13158	ftp://ftp.ncbi.nlm.nih.gov/geo/samples/GSM1253nnn/GSM1253076/suppl/GSM1253076_1444BP0063_82310_G07.CEL.gz; ftp://ftp.ncbi.nlm.nih.gov/geo/samples/GSM1253nnn/GSM1253076/suppl/GSM1253076_1444BP0063_82310_G07.rma.chp.gz	Healthy control c5	Whole Blood of healthy control	subject id: c5; infection: control; status: control; tissue: whole blood	Healthy	Control		
GSE51808	GSM1253078	GPL13158	ftp://ftp.ncbi.nlm.nih.gov/geo/samples/GSM1253nnn/GSM1253078/suppl/GSM1253078_1444BP0065_82310_A09.CEL.gz; ftp://ftp.ncbi.nlm.nih.gov/geo/samples/GSM1253nnn/GSM1253078/suppl/GSM1253078_1444BP0065_82310_A09.rma.chp.gz	Healthy control c6	Whole Blood of healthy control	subject id: c6; infection: control; status: control; tissue: whole blood	Healthy	Control		
GSE51808	GSM1253081	GPL13158	ftp://ftp.ncbi.nlm.nih.gov/geo/samples/GSM1253nnn/GSM1253081/suppl/GSM1253081_1444BP0068_82310_D09.CEL.gz; ftp://ftp.ncbi.nlm.nih.gov/geo/samples/GSM1253nnn/GSM1253081/suppl/GSM1253081_1444BP0068_82310_D09.rma.chp.gz	Healthy control c7	Whole Blood of healthy control	subject id: c7; infection: control; status: control; tissue: whole blood	Healthy	Control		
GSE51808	GSM1253080	GPL13158	ftp://ftp.ncbi.nlm.nih.gov/geo/samples/GSM1253nnn/GSM1253080/suppl/GSM1253080_1444BP0067_82310_C09.CEL.gz; ftp://ftp.ncbi.nlm.nih.gov/geo/samples/GSM1253nnn/GSM1253080/suppl/GSM1253080_1444BP0067_82310_C09.rma.chp.gz	Healthy control c8	Whole Blood of healthy control	subject id: c8; infection: control; status: control; tissue: whole blood	Healthy	Control		
GSE51808	GSM1253082	GPL13158	ftp://ftp.ncbi.nlm.nih.gov/geo/samples/GSM1253nnn/GSM1253082/suppl/GSM1253082_1444BP0069_82310_E09.CEL.gz; ftp://ftp.ncbi.nlm.nih.gov/geo/samples/GSM1253nnn/GSM1253082/suppl/GSM1253082_1444BP0069_82310_E09.rma.chp.gz	Healthy control c9	Whole Blood of healthy control	subject id: c9; infection: control; status: control; tissue: whole blood	Healthy	Control		
